fn-normalize-space-9,Object reference not set to an instance of an object.
fn-outermost-047,Object reference not set to an instance of an object.
map-merge-006,Object reference not set to an instance of an object.
map-entry-005,Object reference not set to an instance of an object.
fn-innermost-014,Object reference not set to an instance of an object.
fn-parse-json-013,Object reference not set to an instance of an object.
fn-substring-before-9,Object reference not set to an instance of an object.
fn-innermost-039,Object reference not set to an instance of an object.
map-keys-012,Object reference not set to an instance of an object.
map-merge-010,Object reference not set to an instance of an object.
map-put-002-hof,Object reference not set to an instance of an object.
fn-innermost-049,Object reference not set to an instance of an object.
fn-substring-before-10,Object reference not set to an instance of an object.
map-get-100,Object reference not set to an instance of an object.
Axes113,Object reference not set to an instance of an object.
map-put-011,Object reference not set to an instance of an object.
fn-normalize-space-11,Object reference not set to an instance of an object.
fn-outermost-032,Object reference not set to an instance of an object.
fn-substring-before-3,Object reference not set to an instance of an object.
map-entry-007,Object reference not set to an instance of an object.
fn-substring-before-14,Object reference not set to an instance of an object.
map-merge-003,Object reference not set to an instance of an object.
fn-substring-after-3,Object reference not set to an instance of an object.
map-put-003-hof,Object reference not set to an instance of an object.
fn-substring-before-16,Object reference not set to an instance of an object.
fn-innermost-012,Object reference not set to an instance of an object.
map-merge-009,Object reference not set to an instance of an object.
fn-substring-after-15,Object reference not set to an instance of an object.
map-entry-004,Object reference not set to an instance of an object.
fold-left-008,Object reference not set to an instance of an object.
CondExpr017,Object reference not set to an instance of an object.
fn-substring-before-20,Object reference not set to an instance of an object.
fn-filter-020,Object reference not set to an instance of an object.
map-entry-006,Object reference not set to an instance of an object.
fn-parse-json-016,Object reference not set to an instance of an object.
fn-normalize-space-15,Object reference not set to an instance of an object.
map-for-each-008,Object reference not set to an instance of an object.
map-merge-003-hof,Object reference not set to an instance of an object.
map-merge-004,Object reference not set to an instance of an object.
fn-substring-after-7,Object reference not set to an instance of an object.
map-merge-005,Object reference not set to an instance of an object.
fn-normalize-space-12,Object reference not set to an instance of an object.
fn-substring-before-15,Object reference not set to an instance of an object.
fn-function-lookup-768,Object reference not set to an instance of an object.
fn-outermost-012,Object reference not set to an instance of an object.
array-append-101,Object reference not set to an instance of an object.
filter-003,Object reference not set to an instance of an object.
map-entry-001,Object reference not set to an instance of an object.
fn-substring-after-6,Object reference not set to an instance of an object.
Axes116,Object reference not set to an instance of an object.
fn-function-lookup-812,Object reference not set to an instance of an object.
fn-substring-before-6,Object reference not set to an instance of an object.
fn-parse-json-105,Object reference not set to an instance of an object.
map-put-006,Object reference not set to an instance of an object.
map-entry-001-hof,Object reference not set to an instance of an object.
fn-filter-014,Object reference not set to an instance of an object.
map-for-each-013,Object reference not set to an instance of an object.
fn-innermost-032,Object reference not set to an instance of an object.
map-put-002,Object reference not set to an instance of an object.
fn-parse-json-017,Object reference not set to an instance of an object.
fn-normalize-space1args-4,Object reference not set to an instance of an object.
map-keys-008,Object reference not set to an instance of an object.
fn-normalize-space-25,Object reference not set to an instance of an object.
fn-function-lookup-743,Object reference not set to an instance of an object.
fn-substring-before-21,Object reference not set to an instance of an object.
fn-innermost-043,Object reference not set to an instance of an object.
fn-outermost-029,Object reference not set to an instance of an object.
Axes125,Object reference not set to an instance of an object.
fn-normalize-space-18,Object reference not set to an instance of an object.
map-keys-006,Object reference not set to an instance of an object.
fn-parse-json-102,Object reference not set to an instance of an object.
fn-substring-before-17,Object reference not set to an instance of an object.
fn-parse-json-103,Object reference not set to an instance of an object.
fn-substring-after-4,Object reference not set to an instance of an object.
fn-substring-before-1,Object reference not set to an instance of an object.
fn-outermost-037,Object reference not set to an instance of an object.
map-for-each-012,Object reference not set to an instance of an object.
fn-substring-before-18,Object reference not set to an instance of an object.
fn-outermost-053,Object reference not set to an instance of an object.
fn-parse-json-012,Object reference not set to an instance of an object.
fn-substring-after-2,Object reference not set to an instance of an object.
map-for-each-016,Object reference not set to an instance of an object.
fn-filter-017,Object reference not set to an instance of an object.
map-keys-009,Object reference not set to an instance of an object.
fn-substring-before-5,Object reference not set to an instance of an object.
map-put-012,Object reference not set to an instance of an object.
fn-outermost-043,Object reference not set to an instance of an object.
map-entry-007-hof,Object reference not set to an instance of an object.
map-keys-005,Object reference not set to an instance of an object.
map-for-each-003,Object reference not set to an instance of an object.
fn-parse-json-015,Object reference not set to an instance of an object.
fn-parse-json-014,Object reference not set to an instance of an object.
map-keys-013,Object reference not set to an instance of an object.
function-item-9,Object reference not set to an instance of an object.
fn-substring-after-14,Object reference not set to an instance of an object.
map-for-each-014,Object reference not set to an instance of an object.
map-put-007,Object reference not set to an instance of an object.
fn-parse-json-011,Object reference not set to an instance of an object.
Axes124,Object reference not set to an instance of an object.
fn-innermost-017,Object reference not set to an instance of an object.
fn-parse-json-101,Object reference not set to an instance of an object.
fn-outermost-039,Object reference not set to an instance of an object.
fn-outermost-045,Object reference not set to an instance of an object.
fn-parse-json-019,Object reference not set to an instance of an object.
fn-substring-after-17,Object reference not set to an instance of an object.
map-for-each-009,Object reference not set to an instance of an object.
map-merge-011,Object reference not set to an instance of an object.
fn-function-lookup-822,Object reference not set to an instance of an object.
map-merge-006b,Object reference not set to an instance of an object.
fn-outermost-026,Object reference not set to an instance of an object.
fn-normalize-space-10,Object reference not set to an instance of an object.
fn-substring-before-19,Object reference not set to an instance of an object.
fn-substring-before-13,Object reference not set to an instance of an object.
fn-parse-json-104,Object reference not set to an instance of an object.
map-keys-014,Object reference not set to an instance of an object.
fn-outermost-051,Object reference not set to an instance of an object.
fn-substring-before-7,Object reference not set to an instance of an object.
map-put-010,Object reference not set to an instance of an object.
fn-function-lookup-741,Object reference not set to an instance of an object.
fn-substring-after-16,Object reference not set to an instance of an object.
map-put-003,Object reference not set to an instance of an object.
fn-innermost-023,Object reference not set to an instance of an object.
fn-string-2,Object reference not set to an instance of an object.
fn-normalize-space-13,Object reference not set to an instance of an object.
fn-innermost-051,Object reference not set to an instance of an object.
Axes119,Object reference not set to an instance of an object.
fn-normalize-space-17,Object reference not set to an instance of an object.
fn-substring-after-1,Object reference not set to an instance of an object.
map-entry-003,Object reference not set to an instance of an object.
fn-outermost-041,Object reference not set to an instance of an object.
fn-innermost-029,Object reference not set to an instance of an object.
fn-innermost-045,Object reference not set to an instance of an object.
fn-outermost-017,Object reference not set to an instance of an object.
fn-outermost-035,Object reference not set to an instance of an object.
map-put-008,Object reference not set to an instance of an object.
fn-function-lookup-824,Object reference not set to an instance of an object.
map-put-004,Object reference not set to an instance of an object.
Axes117,Object reference not set to an instance of an object.
map-for-each-005,Object reference not set to an instance of an object.
fn-substring-after-10,Object reference not set to an instance of an object.
fn-function-lookup-826,Object reference not set to an instance of an object.
map-merge-007,Object reference not set to an instance of an object.
map-merge-024,Object reference not set to an instance of an object.
map-merge-024-hof,Object reference not set to an instance of an object.
fn-outermost-014,Object reference not set to an instance of an object.
Axes118,Object reference not set to an instance of an object.
map-merge-006c,Object reference not set to an instance of an object.
fn-parse-json-018,Object reference not set to an instance of an object.
map-merge-002,Object reference not set to an instance of an object.
fn-string-4,Object reference not set to an instance of an object.
map-keys-004,Object reference not set to an instance of an object.
fn-outermost-023,Object reference not set to an instance of an object.
last-25,Object reference not set to an instance of an object.
Axes114,Object reference not set to an instance of an object.
fn-substring-after-13,Object reference not set to an instance of an object.
fn-innermost-035,Object reference not set to an instance of an object.
fn-innermost-053,Object reference not set to an instance of an object.
map-entry-002,Object reference not set to an instance of an object.
K2-Steps-35,Object reference not set to an instance of an object.
fn-string-9,Object reference not set to an instance of an object.
fn-substring-after-9,Object reference not set to an instance of an object.
fn-innermost-026,Object reference not set to an instance of an object.
fn-outermost-049,Object reference not set to an instance of an object.
map-for-each-004,Object reference not set to an instance of an object.
fn-substring-after-21,Object reference not set to an instance of an object.
fn-innermost-047,Object reference not set to an instance of an object.
fn-innermost-037,Object reference not set to an instance of an object.
K2-OrderbyExprWithout-42,Object reference not set to an instance of an object.
fn-substring-before-2,Object reference not set to an instance of an object.
map-for-each-015,Object reference not set to an instance of an object.
fn-innermost-041,Object reference not set to an instance of an object.
map-merge-012,Object reference not set to an instance of an object.
inline-function-2,Object reference not set to an instance of an object.
fn-normalize-space-16,Object reference not set to an instance of an object.
fn-normalize-space-14,Object reference not set to an instance of an object.
fn-substring-before-4,Object reference not set to an instance of an object.
fn-substring-after-5,Object reference not set to an instance of an object.
fn-filter-013,Object reference not set to an instance of an object.
fn-parse-json-020,Object reference not set to an instance of an object.
map-for-each-006,Object reference not set to an instance of an object.
map-keys-003,Object reference not set to an instance of an object.
map-merge-008,Object reference not set to an instance of an object.